{
  "project_info": {
    "project_number": "803690706983",
    "firebase_url": "https://socialmediaapp-a3c24.firebaseio.com",
    "project_id": "socialmediaapp-a3c24",
    "storage_bucket": "socialmediaapp-a3c24.appspot.com"
  },
  "client": [
    {
      "client_info": {
        "mobilesdk_app_id": "1:803690706983:android:a6b3cb48b3f01a35e8f602",
        "android_client_info": {
          "package_name": "com.example.socialmediaapp"
        }
      },
      "oauth_client": [
        {
          "client_id": "803690706983-fog962d3gpt2gbabkevk30ae1e2j3ig5.apps.googleusercontent.com",
          "client_type": 1,
          "android_info": {
            "package_name": "com.example.socialmediaapp",
            "certificate_hash": "51b072ca4afbba9448c1fc3ae10d8e216744ed8c"
          }
        },
        {
          "client_id": "803690706983-o7d16qnmsm5e1n22jd41ne6k7dcft228.apps.googleusercontent.com",
          "client_type": 3
        }
      ],
      "api_key": [
        {
          "current_key": "AIzaSyCA2K-QlSa4K67Nn4BXikRfCGU2CDKZbbg"
        }
      ],
      "services": {
        "appinvite_service": {
          "other_platform_oauth_client": [
            {
              "client_id": "803690706983-o7d16qnmsm5e1n22jd41ne6k7dcft228.apps.googleusercontent.com",
              "client_type": 3
            }
          ]
        }
      }
    }
  ],
  "configuration_version": "1"
}